<keymap version="1" name="macOS copy" parent="Mac OS X 10.5+">
  <action id="ActivateBookmarksToolWindow" />
  <action id="ActivateDatabaseToolWindow">
    <keyboard-shortcut first-keystroke="meta 2" />
  </action>
  <action id="DuplicatesForm.SendToRight" />
  <action id="EditorRight">
    <keyboard-shortcut first-keystroke="right" />
  </action>
  <action id="FileChooser.GotoProject" />
  <action id="SelectInProjectView">
    <keyboard-shortcut first-keystroke="ctrl f" />
  </action>
  <action id="SynchronizeCurrentFile">
    <keyboard-shortcut first-keystroke="shift ctrl meta r" />
  </action>
  <action id="TodoViewGroupByFlattenPackage" />
</keymap>