<keymap version="1" name="Windows copy" parent="$default">
  <action id="ActivateBookmarksToolWindow" />
  <action id="ActivateDatabaseToolWindow">
    <keyboard-shortcut first-keystroke="alt 2" />
  </action>
  <action id="ContextHelp" />
  <action id="GotoDatabaseObject">
    <keyboard-shortcut first-keystroke="alt d" />
  </action>
  <action id="SelectInProjectView">
    <keyboard-shortcut first-keystroke="f1" />
    <keyboard-shortcut first-keystroke="alt v" />
  </action>
  <action id="SwitchHeaderSource" />
  <action id="ViewMainMenu">
    <keyboard-shortcut first-keystroke="f10" />
  </action>
</keymap>