<application>
  <component name="LocalDatabaseDriverManager" version="201">
    <driver id="mariadb">
      <artifact id="MariaDB Connector J" name="MariaDB Connector J" use="true" version="2.7.3" />
    </driver>
    <driver id="mysql.8" driver-class="com.mysql.jdbc.Driver">
      <artifact />
      <artifact id="MySQL ConnectorJ" name="MySQL ConnectorJ" channel="fixed" rolling="false" use="true" version="5.1.47" />
    </driver>
    <driver id="mysql_aurora">
      <artifact id="MariaDB Connector J" name="MariaDB Connector J" use="true" version="2.7.3" />
    </driver>
    <driver id="java.sql.Driver" name="NetSuite" driver-class="com.netsuite.jdbc.openaccess.OpenAccessDriver">
      <library>
        <url>file://$USER_HOME$/code/NetSuiteJDBCDrivers/NQjc.jar</url>
      </library>
    </driver>
  </component>
</application>